{"nodes":{"node:1":{"location":{"x":-185,"y":144}},"node:4":{"location":{"x":161,"y":80}}},"selection":["node:4"],"view":{"scroll":{"x":-383.77679443359375,"y":64.474456787109375},"visible_rect":{"max":{"x":241.225799560546875,"y":244.248916625976562},"min":{"x":-272.908416748046875,"y":45.8485794067382812}},"zoom":1.40624761581420898}}