{"nodes":{"node:1":{"location":{"x":-185,"y":144}},"node:4":{"location":{"x":161,"y":80}}},"selection":["node:4"],"view":{"scroll":{"x":33.0128059387207031,"y":-45.8865432739257812},"visible_rect":{"max":{"x":359.12908935546875,"y":218.5089111328125},"min":{"x":27.0057239532470703,"y":-37.53692626953125}},"zoom":1.22243738174438477}}