{"nodes":{"node:1":{"location":{"x":-185,"y":144}},"node:4":{"location":{"x":161,"y":80}}},"selection":["node:4"],"view":{"scroll":{"x":8.37866306304931641,"y":-24.4165325164794922},"visible_rect":{"max":{"x":940.70263671875,"y":679.35174560546875},"min":{"x":16.007659912109375,"y":-46.6484375}},"zoom":0.523415863513946533}}