{"nodes":{"node:1":{"location":{"x":-185,"y":144}},"node:4":{"location":{"x":161,"y":80}}},"selection":["node:4"],"view":{"scroll":{"x":-46.9148521423339844,"y":-30.3466892242431641},"visible_rect":{"max":{"x":444.165496826171875,"y":218.5089111328125},"min":{"x":-58.0306892395019531,"y":-37.53692626953125}},"zoom":0.808448970317840576}}