{"nodes":{"node:1":{"location":{"x":-185,"y":144}},"node:4":{"location":{"x":161,"y":80}}},"selection":["node:4"],"view":{"scroll":{"x":6.16968917846679688,"y":-42.5147666931152344},"visible_rect":{"max":{"x":380.687255859375,"y":218.509048461914062},"min":{"x":5.44732666015625,"y":-37.5370330810546875}},"zoom":1.13260865211486816}}