{"nodes":{"node:1":{"location":{"x":-185,"y":144}},"node:4":{"location":{"x":161,"y":80}}},"selection":null,"view":{"scroll":{"x":268.1654052734375,"y":53.97979736328125},"visible_rect":{"max":{"x":269.6671142578125,"y":194.392608642578125},"min":{"x":107.26654052734375,"y":21.5919952392578125}},"zoom":2.49999117851257324}}