{"nodes":{"node:1":{"location":{"x":-185,"y":144}},"node:4":{"location":{"x":-111,"y":96}}},"selection":null,"view":{"scroll":{"x":-394.070831298828125,"y":5.656524658203125},"visible_rect":{"max":{"x":9.929168701171875,"y":370.656524658203125},"min":{"x":-394.070831298828125,"y":5.656524658203125}},"zoom":1}}