{"nodes":{"node:1":{"location":{"x":-185,"y":144}},"node:4":{"location":{"x":161,"y":80}}},"selection":null,"view":{"scroll":{"x":-660.5191650390625,"y":372.707305908203125},"visible_rect":{"max":{"x":-13.4076671600341797,"y":197.08294677734375},"min":{"x":-264.20770263671875,"y":149.082931518554688}},"zoom":2.4999997615814209}}