{"nodes":{"node:1":{"location":{"x":-185,"y":144}},"node:4":{"location":{"x":161,"y":80}}},"selection":null,"view":{"scroll":{"x":-660.518798828125,"y":372.7069091796875},"visible_rect":{"max":{"x":-13.4075355529785156,"y":197.0830078125},"min":{"x":-264.20782470703125,"y":149.08294677734375}},"zoom":2.49999690055847168}}