{"nodes":{"node:1":{"location":{"x":-185,"y":144}},"node:4":{"location":{"x":161,"y":80}}},"selection":["node:4"],"view":{"scroll":{"x":33.0126876831054688,"y":7.11351537704467773},"visible_rect":{"max":{"x":359.12884521484375,"y":175.152877807617188},"min":{"x":27.0056171417236328,"y":5.819122314453125}},"zoom":1.22243785858154297}}