{"nodes":{"node:1":{"location":{"x":-185,"y":144}},"node:4":{"location":{"x":161,"y":80}}},"selection":null,"view":{"scroll":{"x":-367.06463623046875,"y":65.05426025390625},"visible_rect":{"max":{"x":308.334014892578125,"y":226.818115234375},"min":{"x":-516.949462890625,"y":91.6180953979492188}},"zoom":0.710059046745300293}}