{"nodes":{"node:1":{"location":{"x":-185,"y":144}},"node:4":{"location":{"x":161,"y":80}}},"selection":null,"view":{"scroll":{"x":-660.5181884765625,"y":372.706268310546875},"visible_rect":{"max":{"x":-13.4073095321655273,"y":197.0830078125},"min":{"x":-264.20794677734375,"y":149.0828857421875}},"zoom":2.49999356269836426}}