{"nodes":{"node:1":{"location":{"x":-95,"y":128}},"node:4":{"location":{"x":161,"y":80}}},"selection":null,"view":{"scroll":{"x":-277.1798095703125,"y":269.17974853515625},"visible_rect":{"max":{"x":154.41009521484375,"y":182.589874267578125},"min":{"x":-138.58990478515625,"y":134.589874267578125}},"zoom":2}}