{"nodes":{"node:1":{"location":{"x":-95,"y":128}},"node:4":{"location":{"x":161,"y":80}}},"selection":null,"view":{"scroll":{"x":-259.129852294921875,"y":-2.01554107666015625},"visible_rect":{"max":{"x":1030.5489501953125,"y":296.3121337890625},"min":{"x":-816.9788818359375,"y":-6.35455322265625}},"zoom":0.317180603742599487}}