{"nodes":{"node:1":{"location":{"x":-185,"y":144}},"node:4":{"location":{"x":161,"y":80}}},"selection":null,"view":{"scroll":{"x":155.291976928710938,"y":49.2366752624511719},"visible_rect":{"max":{"x":334.4534912109375,"y":202.1387939453125},"min":{"x":92.5328445434570312,"y":29.3383445739746094}},"zoom":1.67823624610900879}}