{"nodes":{"node:1":{"location":{"x":81,"y":48}},"node:4":{"location":{"x":225,"y":128}}},"selection":null,"view":{"scroll":{"x":-139.387893676757812,"y":1.80179381370544434},"visible_rect":{"max":{"x":436.64422607421875,"y":250.447784423828125},"min":{"x":-111.960197448730469,"y":1.4472503662109375}},"zoom":1.24497723579406738}}