{"nodes":{"node:1":{"location":{"x":-185,"y":144}},"node:4":{"location":{"x":161,"y":80}}},"selection":null,"view":{"scroll":{"x":-570.6153564453125,"y":298.16583251953125},"visible_rect":{"max":{"x":7.69232177734375,"y":197.082916259765625},"min":{"x":-285.30767822265625,"y":149.082916259765625}},"zoom":2}}