{"nodes":{"node:1":{"location":{"x":-185,"y":144}},"node:4":{"location":{"x":-111,"y":96}}},"selection":["node:4"],"view":{"scroll":{"x":-230.639862060546875,"y":19.9715995788574219},"visible_rect":{"max":{"x":84.2881088256835938,"y":411.977294921875},"min":{"x":-184.511886596679688,"y":15.9772796630859375}},"zoom":1.25}}